USITEID,DISTRICT,COMMUNITY,Year,REGION,LAT_N_,LONG_W_,ENDEM_DIST,Endemism__04_07_,Total_MU_Present__VNTR_,USWBTYPE,WBFLOW,HUMAN,elevation,Dist_To_Ocean_km_,Aspect,Dir,Dir_Class,Wet_0_1km_AVG,Wet_0_1km_STD,Wet_0_5km_AVG,Wet_0_5km_STD,Wet_1km_AVG,Wet_1km_STD,Wet_5km_AVG,Wet_5km_STD,Water_100m,Water_500m,Water_1km,Water_5km,Water_10km,Wetlands_100m,Wetlands_500m,Wetlands_1km,Wetlands_5km,Wetlands_10km,Forest_100m,Forest_500m,Forest_1km,Forest_5km,Forest_10km,Cropland_100m,Cropland_500m,Cropland_1km,Cropland_5km,Cropland_10km,Shrubland_100m,Shrubland_500m,Shrubland_1km,Shrubland_5km,Shrubland_10km,Urban_100m,Urban_500m,Urban_1km,Urban_5km,Urban_10km,calcium,calcium_hardness,carbon_trioxide,chlorine,chlorophyll,color,dis_ox,cond,temp,fturb,iron,magn,manganese,nitrate,nitdiox,nitphos,oxred,ph,phosphate,sulfate,sussol,totalk,totds,totnit
S.5.1,Dangme West,Adumanya,2005,Accra,5.90346,-0.06449,NON,0,0,pond,lentic,human,47,27.47620652,142.9696045,SE,4,8.522194862,2.597271912,6.333872355,2.065462641,6.151300152,2.027386983,5.084373756,2.047012885,0,0,0,0,0,0,0,0,0.125129266,0.063864225,0,0,0,2.105480869,2.755211269,0,1.549586777,10.29487843,12.72182006,9.468194582,87.5,87.19008265,72.73667874,46.72905895,42.68974397,0,0,0.853595448,0.433298863,0.38396103,44.90000013,112,288,60.4999997,31.44,100.0000004,93.17,6.45204895,26.89,249.9,0.200000004,13.60000002,0.151000006,0.004,0.575000022,57.9,117,6.926,0.01,3.55,149.9999994,236,348.9999992,0.579000001
S.5.10,Amansie West,Tontokrom,2005,Ashanti,6.25192,-1.99414,END,1,0,stream,lotic,nature,145,141.7032333,253.3007507,W,7,8.099658012,3.48852429,4.656271025,2.125135818,4.76286498,2.243881585,4.562347152,1.775653529,0,0,0,0,0,0,0,0,0,0,0,0,0.41397154,9.734861019,16.48227486,0,0.206825233,0.077619664,0.019647584,0.055071917,0,0,0,0,0,0,5.170630817,2.794307891,0.24094143,0.527449343,7.209999972,2.25,39,7.900000029,10.34,14.99999998,56.61,4.29045944,23.5,5.742,1.60999999,6.250000008,0.007,0.151999994,0.01,16.2,-133,6.604,0.01,7.64,12,32,47.99999996,0.162000007
S.5.11,Amansie West,Bonsaaso,2005,Ashanti,6.23316,-1.99909,END,1,1,fetch,lentic,human,139,139.8879516,274.9697266,W,7,5.230798086,1.56664547,4.694479378,2.051183361,4.446498265,1.716998532,4.610790919,1.777241614,0,0,0,0,0,0,0,0,0,0,0,0,0.051733057,16.84455476,18.41839901,0,0,0,0.009308098,0.023011687,0,0,0,0,0,12.82051282,3.505154639,0.879461976,0.284414107,0.325266315,9.620000044,24,70.8,7.900000029,16.16,179.9999998,23.87,5.16820868,24.22,49.14,2.190000004,2.919999985,0.011,0.286999989,0.055,34.2,72.7,6.836,0.01,8.89,3.999999996,58,115.9999999,0.342000014
S.5.12,Amansie West,Bonsaaso,2005,Ashanti,6.229,-1.99715,END,1,0,stream,lotic,nature,147,139.3846188,274.9697266,W,7,6.409542958,3.082790492,4.885385254,2.150006684,4.175841744,1.673215265,4.586309986,1.748733403,0,0,0,0,0,0,0,0,0,0,0,0,0.051692944,21.0029889,19.13918893,0,0,0,0.008273779,0.019131433,0,0,0,0,0,0,0.310880829,0.878780047,0.284411166,0.289039757,4.010000025,1.25,29.3,14.90000001,5.186,4.999999988,53.95,4.59511985,23.8,0.01174,0.629999995,9.420000038,0.01,0.158000007,0.003,16.1,-144,6.65,0.01,5.57,23.99999999,24,62.00000031,0.161000002
S.5.13,Amansie West,Watreso,2005,Ashanti,6.24568,-1.91547,END,1,0,fetch,lentic,human,142,138.7119422,92.29061127,E,3,7.406735659,3.296357424,5.394973001,2.326569806,5.07483841,1.908081653,4.621080683,1.779844288,0,0,0,0,0,0,0,0,0,0,0,0.520833333,0.361944157,22.9701352,19.43682508,0,0.3125,0.12926577,0.013447951,0.015511612,0,0,0,0,0,0,3.958333333,3.619441572,0.298958301,0.263180346,7.209999972,2.25,48.8,8.900000028,36.7,29.99999995,30.88,4.58005749,26.23,329.1,6.38000001,9.179999989,0.009,0.123000003,0.003,12.6,-165,6.674,0.01,18.8,21.00000005,40,60.99999975,0.125999996
S.5.14,Amansie West,Bretsekrom,2005,Ashanti,6.20813,-1.91015,END,0,0,riverine wetland,lentic,nature,163,134.5404982,88.45184326,E,3,4.017208219,1.039864223,4.301077946,1.223620465,4.533069313,1.719833102,4.602075409,1.747132964,0,0,0,0,0,0,0,0,0,0,33.33333333,43.34365325,43.3479721,29.44856972,31.88448889,0,0,0,0.017581236,0.006722376,0,0,0,0,0,0,0,0.025833118,0.419881275,0.243039755,12.79999997,4,73.2,6.000000007,24.97,9.99999997,2.234,4.5119578,23.2,16.91,5.640000012,9.720000047,0.165000001,0.110999998,0.022000001,13.3,47.5,6.447,0.01,16.3,14.00000001,60,58.99999977,0.132999993
S.5.15,Amansie West,Nyame Bekyere,2005,Ashanti,6.17479,-1.9257,END,1,1,river,lotic,nature,130,131.4047729,139.7636414,SE,4,6.170618117,2.326607847,5.229739093,1.723537085,5.130884583,1.831242728,4.513495726,1.738522188,0,0,0,0,0,0,0,0,0,0,0,1.5625,1.034126163,41.57925227,47.41815474,2.777777778,0.208333333,0.051706308,0.00517245,0.007756006,0,0,0,0,0,63.88888889,2.604166667,0.672182006,0.224484307,0.191831891,10.40000005,26,85.4,5.000000005,10.26,9.99999997,82.33,5.65913372,25.6,11.69,1.100000004,5.829999976,0.027999999,1.920000008,0.009,192.9,64.5,7.618,0.01,7.51,3.000000004,70,157.0000007,1.928999992
S.5.16,Dunkwa,Aduman,2005,Ashanti,5.9237,-1.70317,NON,0,0,stream,lotic,nature,100,99.2316239,319.7636414,NW,8,7.487179279,1.698409673,4.667770174,2.000054698,4.560022298,1.758246592,4.077560171,1.760623161,0,0,0,0,0,0,0,0,0,0,0,0.931677019,1.576634789,2.533661503,6.323344252,5.128205128,1.035196687,0.336004135,0.078595214,0.073942124,0,0,0,0,0,7.692307692,4.865424431,1.473248902,0.419863906,0.432535569,6.410000005,16,31.7,26.79999998,5.651,14.99999998,90.34,4.38202663,23.51,11.86,1.580000003,3.399999996,0.031999999,0.125999996,0.011,13.7,-58.9,7.155,0.01,7.01,15.99999996,26,54.00000019,0.136999994
S.5.17,Dunkwa,Adwumam,2005,Ashanti,5.92645,-1.70483,NON,0,0,pond,lentic,human,110,99.56483768,63.43494797,NE,2,3.224042098,0.790980016,4.730803995,1.616229349,4.663979741,1.790000583,4.058549977,1.76254825,0,0,0,0,0,0,0,0,0,0,0,3.619441572,2.276254527,2.691774731,7.012713015,0,1.13753878,0.336264873,0.076523753,0.077048574,0,0,0,0,0,0,3.929679421,1.474392137,0.453971996,0.54968211,7.209999972,18,39,5.000000005,11.58,45.00000001,87.74,4.80402104,27.83,27.04,7.340000017,4.379999978,0.024000001,0.049999999,0.006,5.6,60.5,7.084,0.01,12.7,13.00000003,32,72.99999992,0.055999999
S.5.18,Upper Denkyira,Ampa Abena,2005,Ashanti,6.13711,-2.03272,END,1,0,river,lotic,human,123,131.0708189,100.4374771,E,3,5.549106439,1.316280441,4.514020663,1.332919252,4.691954756,1.615102915,4.521089407,1.75913358,0,0,0,0,0,0,0,0,0,0,0,0.103199174,0.491718427,2.280484021,15.60068049,0,0,0,0.020684662,0.014995682,0,0,0,0,0,0,0,0.025879917,0.611231772,0.422464566,8.019999963,16,39,7.900000029,11.59,50.00000023,62.45,4.52536912,23.3,14.82,1.60999999,4.869999977,0.017000001,0.074999997,0.008,8.3,-8.03,6.506,0.01,8.4,13.00000003,32,57.00000012,0.082999998
S.5.2,Dangme West,Asebi,2005,Accra,5.90737,-0.00488,NON,0,1,pond,lentic,human,32,25.06510999,174.8055725,S,5,6.287513256,1.774434059,5.71792471,1.428161729,5.799030539,1.473078078,5.862639117,1.704585491,0,0,0,0,0,0,0,0,0.172750877,0.144777289,5.555555556,0.208333333,0.051666236,0.015516546,1.847203084,0,7.708333333,8.266597778,2.578849914,6.032042316,36.11111111,68.54166667,67.94110049,76.75724881,62.10738855,0,0,0,0.244126987,0.292656948,6.399999998,16,43.9,26.79999998,21.75,34.99999995,28.52,4.4543473,27.18,10.59,1.589999997,2.919999985,0.019,0.060000001,0.011,7.1,132,6.584,0.01,9.08,30.99999986,36,57.99999997,0.071
S.5.3,Dangme West,Odumse,2005,Accra,5.84639,-0.04369,NON,0,1,pond,lentic,human,38,20.81710012,196.3895416,S,5,5.025845766,0.849741675,5.855682482,1.485275806,6.085385957,1.78644818,5.761096554,1.754282142,0,0,0,0,0,0,0,0,0.080661007,0.107040913,0,0,0,0.025852887,0.398947173,0,4.747162023,7.159472732,8.038179543,11.11570761,15,66.35706914,67.12328767,73.91236906,63.91506019,0,0,0.051692944,0.079626891,0.300697059,12.00000003,30.1,87.8,3.999999988,76.14,200.0000007,107.2,5.37851391,28.41,110.7,2.5,2.890000009,0.049999999,0.938000028,0.071,25.225,97.2,7.575,0.040000001,16.6,451.0000002,72,121.0000005,1.008999999
S.5.4,Dangme West,Afienya,2005,Accra,5.7972,-0.00954,NON,0,0,river,lotic,nature,24,14.23134034,111.2505035,E,3,4.312523524,0.269406047,5.544950721,1.538742318,5.462013367,1.789795661,5.644100899,1.856292499,0,0,0,0,0.114534803,0,0,0,0.279245829,0.806397402,0,0,0,0.028958827,0.037747362,18.42105263,13.48547718,13.92764858,15.07824054,9.396507593,31.57894737,51.14107884,55.47803618,59.38627972,60.80091628,0,0.726141079,0.206718346,0.33095802,3.408379914,7.199999965,18,29.3,17.89999996,12.6,179.9999998,35.04,4.96494033,25.79,13.16,5.969999978,0.999999999,0.03,0.476999994,0.121000004,33.2222222,84.8,6.965,0.018,35.3,228.9999992,24,121.9999994,0.598000015
S.5.5,Dangme West,Abbeypanya,2005,Accra,5.78635,-0.03986,NON,0,0,lake/reservoir,lentic,human,38,15.0878722,149.0362396,SE,4,5.587393284,0.84529237,6.03442267,2.281812705,6.161732992,2.441962887,5.572552805,1.758938912,0,0,0,0,0.035422393,0,0.92879257,0.232798758,0.202705498,0.948647873,0,0,0,0.002068423,0.021977397,42.5,39.9380805,29.87584066,18.78749018,10.98378585,47.5,42.31166151,49.74133471,61.31117362,55.46500294,0,0,0,0.108592231,2.849563426,8.000000024,20,56.1,5.000000005,12.93,39.99999984,87.35,5.09620118,26.77,12.48,0.620000004,4.859999979,0.074999997,0.055,0.011,6.6,119,7.367,0.01,5.5,82.00000022,46,101.9999997,0.066000002
S.5.6,Akuapim South,Pakro,2005,Accra,5.90659,-0.3175,END,1,0,river,lotic,nature,59,42.07189567,257.4122925,W,7,4.158260981,0.422353234,5.758102448,2.560965463,5.060439948,2.2863547,4.539487013,1.857007247,0,0,0,0,0,0,0,0,0,0.004912709,0,0.517598344,0.181065701,0.473600397,0.640462105,23.07692308,14.07867495,11.89860321,11.36847765,13.11331292,46.15384615,24.43064182,11.04500776,3.3772465,2.765079431,2.564102564,0.724637681,0.181065701,0.012408744,0.026114926,52.90000011,132,439,25.80000007,56.76,55.00000026,2.728,6.82513425,24.3,2.425,2.010000006,31.1,1.460000006,0.048999999,0.012,0.25738397,-25.3,7.165,0.237000009,10,19.99999993,360,498.0000015,0.061000001
S.5.7,Akuapim South,Bowkrom,2005,Accra,5.85621,-0.34209,END,1,1,stream,lotic,nature,58,37.84238654,147.3390808,SE,4,3.535129547,0.359406115,4.936411829,1.822515457,4.483942073,1.874300111,4.613565547,1.892224755,0,0,0,0,0,0,0,0,0.008273095,0.009566656,0,0,0.155279503,0.499488102,0.810838763,5,14.66942149,19.66873706,24.9402786,20.06179543,0,3.305785124,2.044513458,3.729097509,3.624469956,0,0,0,0.37849409,0.198055642,32.09999992,80.2,181,65.50000016,5.431,4.999999988,72.34,6.11567135,25.7,0.8577,0.144000001,12.59999996,0.051000002,0.489999994,0.004,49.4,-17.2,7.732,0.01,10.8,7.999999987,148,255.0000012,0.493999981
S.5.8,Ga West,Afuaman,2005,Accra,5.63174,-0.35761,END,1,0,river,lotic,nature,15,13.97597148,201.8014069,S,5,5.868167281,1.111904376,6.013373098,1.523966901,5.761956331,1.398560736,6.162043597,2.992862884,0,0,0,3.89662768,3.768228359,0,0,0,5.407501629,2.806650119,0,0,0,0.276114541,0.137294446,0,5.475206612,6.708106708,7.946307614,15.84393422,0,20.04132231,33.30743331,51.87540719,36.07689523,0,0.20661157,0.12950013,0.397108553,2.668838556,28.09999988,70.1,146,64.49999983,12.95,4.999999988,2.238,6.27870902,25.48,0.1089,0.130000002,12.1,0.061000001,0.115999999,0.03,14.6,60.9,7.08,0.01,12.5,9.99999997,120,303.9999996,0.145999994
S.5.9,Ga West,Weija,2005,Accra,5.54826,-0.38503,END,0,0,lake/reservoir,lentic,human,19,6.117143449,322.3385925,NW,8,6.215562463,3.125722657,5.443813091,2.277268299,5.937104855,3.11347692,6.494750718,4.101300253,0,0,0.594622544,9.439503619,14.28685926,0,8.695652174,16.83040331,4.929679421,3.544890921,0,0.931677019,0.439503619,0.188210962,0.265782792,0,3.623188406,2.998965874,9.574974147,8.681634616,59.45945946,56.93581781,45.83764219,28.6204757,32.60803243,0,1.966873706,3.10237849,4.925542916,4.799602877,17.59999999,44,132,78.40000014,20.56,14.99999998,101.5,5.87155425,26,7.179,0.03,13.10000004,0.021000001,0.027,0.246000011,27.3,41.1,8.547,0.01,8.57,14.99999998,108,224.9999995,0.272999996
S.6.1,Jasikan,Takrabe,2006,Volta,7.33861,0.41121,NON,0,0,stream,lotic,nature,161,160.593726,281.1730042,W,7,9.757425785,3.220643437,5.327217569,2.243760234,4.954689182,2.005991681,3.987891845,2.056595702,0,0,0,0,0,0,0,0,0,0,100,79.8553719,65.68475452,31.84605363,21.11711796,0,0,0,0,0,0,0,1.860465116,6.129729394,4.848480148,0,0.103305785,0.051679587,0.014476419,0.067221503,2.399999994,6,19.5,2.000000004,3.34615385,34.99999995,85.4589744,3.71357207,24.73566,31.6717949,1.219999996,1.900000009,0.02,1.570000001,0.011,112.928571,121.626496,7.2217094,0.014000001,15.3,13.00000003,16,23.39999994,1.581000003
S.6.10,Kpandu,Anfoega Ando,2006,Volta,6.90363,0.31125,NON,0,0,riverine wetland,lentic,nature,110,123.6537329,145.0079804,SE,4,7.859440923,2.672953923,5.603867676,1.943959756,5.540074232,1.811256458,5.140395904,1.768666477,0,0,0,0.057906275,3.452555481,0,0,0,0,0,0,9.232365145,6.489141675,8.848285561,9.144501586,0,0,0,0.014476569,0.019392021,66.66666667,29.87551867,28.56773526,14.06398643,11.76139023,0,0,0,0.058940315,0.061537348,1.600000013,4,26.8,0.999999999,5.33793103,79.99999963,67.087931,3.71902396,25.3247126,47.65,3.949999994,0.999999999,0.092,0.772000022,0.017000001,3.73933649,157.843103,6.82362069,0.21100001,18.3,23.99999999,22,24.29999999,0.788999967
S.6.11,Kpandu,Kpandu Agudzi,2006,Volta,7.02687,0.31931,NON,0,0,fetch,lentic,human,128,137.2891607,250.1148377,W,7,4.640766303,0.774467461,4.314731614,1.594659039,4.554931301,1.870802567,4.935143935,1.857420796,0,0,0,0.152003971,16.04582675,0,0,0,0,0,45.94594595,15.44799176,5.371900826,7.296190594,8.827932496,0,0,0,0.085825371,0.035422393,0,10.19567456,10.35640496,9.345659098,6.888491859,2.702702703,1.441812564,0.387396694,0.428092816,0.142723801,0,0,17.1,5.000000005,8.28360656,110.0000005,5.70491803,4.14235378,25.5509107,61.0606557,3.459999986,0,0.071,1.200000004,0.035000001,3.44972067,39.1622951,5.55327869,0.357999997,28.4,21.99999993,14,46.79999986,1.235
S.6.12,Hohoe,Akplamafu,2006,Volta,7.1149,0.4003,NON,0,0,stream,lotic,nature,144,140.0007371,165.4655457,S,5,6.21605746,1.588700309,5.643417123,1.723472594,5.28046487,1.639162147,4.812474742,1.960962331,0,0,0,0,0.010083721,0,0,0,0,0,62.5,49.63805584,59.56015524,28.69316125,20.9857742,0,0,0,0,0.000775671,0,0.827300931,1.241914618,11.82845738,9.470682228,0,0,0,0.063082348,0.17168181,1.600000013,4,19.5,2.000000004,4.12361111,55.00000026,79.0027778,3.63831689,24.6628086,22.9319444,1.460000006,0.999999999,0.057999998,1.460000006,0.019,9.73026316,97.4791667,6.91194444,0.151999994,12.3,14.99999998,16,21.8,1.478999994
S.6.13,Ho,Adaklu Dzakpo,2006,Volta,6.47864,0.41836,NON,0,0,river,lotic,nature,54,76.65835253,186.3401947,S,5,6.689742724,2.0978825,6.213731609,1.806754617,5.797483887,1.674550412,5.71898386,1.730075392,0,0,0,0,0,0,0,0,0.543163384,1.132620824,0,0,0.181206316,0.975624897,2.563326974,0,0.729166667,0.181206316,0.087940738,0.726211343,45.71428571,64.27083333,81.23220295,86.99304751,79.12911516,0,0,0.103546467,0.004138388,0.055325464,17.59999999,44.1,110,19.90000002,6.4,69.99999986,77.9380952,5.57835122,24.937478,31.8777778,2.290000015,2.399999994,0.024999999,0.590999977,0.02,16.0789474,88.5095238,7.74,0.038000001,20,26.00000005,90,151.9999999,0.611000012
S.6.14,Ho,Adaklu Amedzivie,2006,Volta,6.44893,0.49859,NON,0,0,wetland,lentic,nature,63,74.14784836,146.6893616,SE,4,6.240772367,1.782505065,5.586735899,1.275646036,5.904652009,1.80430853,5.742040936,1.901222164,0,0,0,0,0,0,0,0.051786639,3.283384523,3.304832108,0,0,0,1.101355753,0.841074859,0,0.206398349,0.207146556,2.553283902,5.886748352,100,93.08565532,88.89176592,82.00912109,72.64761471,0,0,0.051786639,0.228544246,2.121432284,3.999999988,10,48.8,0,5.84181818,50.00000023,35.4127273,4.39107647,28.2414141,17.5236364,0.775999997,1.900000009,0.153999996,0.569000026,0.014000001,7.02409639,132.232727,6.89854545,0.082999998,12.3,21.00000005,40,43.99999983,0.582999996
S.6.15,Ho,Adaklu Dorkpo,2006,Volta,6.3935,0.50163,NON,0,0,wetland,lentic,nature,46,68.13656107,280.4914856,W,7,5.631793976,0.297172624,6.295802507,2.069424014,5.68917412,1.600450934,5.846085218,1.731357687,0,0,0,0,0,0,0.206185567,0.129299198,0.145814805,1.147223084,0,0,0,0.627727564,0.40412659,0,14.94845361,14.30049134,13.87102112,6.949529424,53.84615385,51.95876289,70.05430566,65.4015595,74.82599028,0,0.412371134,1.034393587,4.274131833,2.295997518,12.00000003,30.1,75.6,0.999999999,7.4490566,19.99999993,7.72264151,4.82665198,27.4713836,1.8,0.563000001,2.399999994,0.128999997,0.335000016,0.003,4.07228916,89.3509434,6.84962264,0.082999998,1.98,7.000000007,62,73.19999993,0.337999994
S.6.16,Ho,Adaklu Tevikpo,2006,Volta,6.35666,0.52505,NON,0,0,lake/reservoir,lentic,human,66,64.62150343,205.559967,SW,6,5.128170331,0.435716869,5.540630353,1.38522896,5.789855514,1.577469756,5.795672759,1.709823664,0,0,0,0,0,0,0.728407908,0.180831826,0.158258945,0.415464483,5.263157895,0.728407908,0.180831826,0.013446838,0.235266135,0,5.723204995,8.214931542,10.05099455,9.203559499,73.68421053,59.93756504,57.78868509,67.71931276,70.2085854,0,2.705515088,3.177473521,3.950267385,2.392217086,9.599999988,24,68.3,6.900000004,15.6791045,59.99999987,21.4492537,4.78898317,29.2890547,6.35820896,1.11000001,1.900000009,0.165000001,0.632999973,0.009,3.04265403,127.856716,6.88671642,0.21100001,4.09,46.99999992,56,69.90000005,0.641999984
S.6.17,Ho,Gavorkpo,2006,Volta,6.52854,0.63203,NON,0,0,fetch,lentic,human,83,72.82351467,64.98310852,NE,2,6.176066399,1.74985713,5.737810959,1.393491939,5.589894504,1.433998963,5.692643282,1.70546172,0,0,0,0,0,0,0,0,0.197526268,0.835582581,0,0,0,0,0.247675777,0,0,0.284458236,1.670182841,2.130838995,100,99.27536232,85.93224722,53.35070737,42.5162101,0,0,0.129299198,0.80148093,0.89685519,1.600000013,4,34.2,6.000000007,13.7564516,100.0000004,19.3467742,4.3110156,26.6638889,45.0080645,2.520000011,0.999999999,0.978000009,0.996000021,0.033000001,3.28753994,193.1,6.46048387,0.312999996,14.3,27.00000011,28,43.00000019,1.029000003
S.6.18,Ho,Wayanu,2006,Volta,6.58938,0.56437,NON,0,0,stream,lotic,nature,97,82.85709273,162.5528107,S,5,5.272833109,0.400569343,5.896861998,2.265834778,5.694394439,1.827362786,5.834562833,1.764911466,0,0,0,0,0.000517117,0,0,0,0.027922561,1.612886545,0,1.034126163,0.827943079,3.414825846,4.478487951,0,0,0,0.077562671,1.590391974,0,0.723888314,0.232858991,0.656697278,11.01225566,0,0,0,0.002068338,0.323973524,8.000000024,20,56.1,9.900000008,8.085,69.99999986,51.1333333,4.74130236,24.9491667,34.1066667,1.069999993,0.500000003,0.030999999,0.590999977,0.011,1.86956522,147.92,7.1025,0.322000011,13.6,9.000000024,46,66.60000016,0.60200002
S.6.19,Ho,Abutia Kloe,2006,Volta,6.48063,0.34758,NON,0,0,fetch,lentic,human,116,76.81181266,138.3885498,SE,4,4.896860957,2.235024617,4.600091277,1.240086587,4.220924903,1.748779891,4.946783749,2.117029948,0,0,0,0,0,0,0,0,0.004137532,0.00568762,0,0,0.051692944,4.612313294,3.255904138,13.15789474,11.35416667,10.49366761,2.440109231,1.451635837,2.631578947,36.5625,44.27500646,63.21113824,67.8230633,0,0,0.180925304,0.010343829,0.048086245,4.800000014,12,34.2,10.9,6.302,110.0000005,6.988,4.53109298,25.7927778,140.21,2.829999986,2.399999994,0.094999999,0.388000015,0.026000001,1.98086124,111.826,5.8122,0.209000006,15.9,33.99999984,28,54.90000008,0.414000002
S.6.2,Jasikan,Nkonya Bumbula,2006,Volta,7.23443,0.33763,NON,0,0,stream,lotic,nature,92,154.8633832,282.5634766,W,7,7.960643172,3.749669274,5.345235197,2.170947489,5.229323302,1.941574378,4.83800113,2.870905268,0,0,0,6.988841433,13.45168346,0,0,0,0,0,76.92307692,55.25773196,40.77142118,17.21873481,10.47207327,0,0,0,0,0.002585569,0,2.577319588,9.500388299,8.864804492,7.563566224,0,0.412371134,0.1553197,0.012409899,0.063346451,4.800000014,12,39,2.000000004,3.05306122,19.99999993,71.2387755,4.49980967,26.3778345,5.40510204,0.625000008,0.500000003,0.004,1.060000002,0.0005,75.75,54.6704082,7.12561224,0.014000001,15.3,4.999999988,32,52.99999981,1.060500005
S.6.20,Ho,Agodeke,2006,Volta,6.39933,0.30215,NON,0,0,stream,lotic,nature,76,67.86265415,128.516922,SE,4,5.884819984,1.375396388,6.05767567,2.029373556,5.74151608,1.727183672,5.313971555,1.87291048,0,0,0,0,0,0,0,0,0.005170791,1.075852654,0,0,0,6.682730591,3.818100491,20.51282051,4.231166151,1.525336091,1.414728482,1.810411027,7.692307692,23.73581011,41.52016546,59.89637734,61.625595,0,0,0,0.021717323,0.028958303,18.40000008,46.1,117,13.89999996,7.72553191,39.99999984,57.9021277,5.26092477,25.5119385,27.0404255,0.979000003,3.900000024,0.38000001,1.880000006,0.02,9.79381443,109.851064,7.53468085,0.194000004,6.31,19.00000002,96,134,1.900000007
S.6.21,Suhum Kraboa Coaltar,Sumui,2006,Accra,5.94169,-0.32136,END,0,0,stream,lotic,nature,63,45.90750577,177.5104523,S,5,4.294107378,0.459863025,4.958480156,1.448819934,4.779347038,1.553114069,4.645007127,1.795022318,0,0,0,0,0,0,0,0,0,0.004912176,10.25641026,1.240951396,0.542635659,0.349567178,0.332218183,5.128205128,0.827300931,1.80878553,7.941793962,10.4988702,2.564102564,1.551189245,1.291989664,3.538074898,2.610950532,0,0,0,0.014479114,0.015253598,23.19999992,58.1,176,21.80000009,6.80307692,34.99999995,74.8738462,5.83291961,24.9092308,22.7538462,1.659999993,6.300000013,0.598999989,0.804000008,0.007,1.89929742,62.8276923,7.75523077,0.426999985,0.266,19.00000002,144,194.0000002,0.81100002
S.6.22,Suhum Kraboa Coaltar,Obotumpan,2006,Accra,6.08105,-0.31027,END,0,0,river,lotic,nature,152,59.37052269,189.8335571,S,5,4.635833502,1.00812138,5.403019119,1.940201549,5.096418382,1.924987763,4.810398207,1.694512395,0,0,0,0,0,0,0,0,0,0,0,2.481902792,1.214470284,2.788177136,3.307928169,13.51351351,14.06411582,12.22222222,11.11961445,9.794776602,27.02702703,7.962771458,4.702842377,6.03450059,6.529247824,0,0,0,0.048606946,0.617117979,17.59999999,44.1,109,10.9,6.5453125,39.99999984,100.76875,5.37578465,25.5873264,15.934375,1.189999997,5.799999985,0.128000002,1.259999999,0.001,4.61904762,120.434375,8.08140625,0.272999996,6.42,12,90,108.0000003,1.261000004
S.6.23,Ga West,Kotoku,2006,Accra,5.74113,-0.35399,END,1,0,pond,lentic,human,39,25.76544272,157.4794312,SE,4,7.176238775,3.028547095,5.635359179,2.018762982,5.6031645,2.154425839,5.406444318,1.851619049,0,0,0,0,0,0,0,0,0.12718042,0.049383354,0,0,0,0.125112446,0.56933061,27.02702703,42.03494347,42.114788,30.21413874,28.65010213,37.83783784,16.03288798,16.75284385,19.84945147,18.36672958,0,0.71942446,0.310237849,0.137520292,0.429195646,11.19999998,28.1,85.4,35.70000018,13.64125,69.99999986,5.7,5.58406006,27.0386806,10.33375,4.069999999,3.900000024,1.349999997,0.286999989,0.001,1.81132075,51.45375,6.681625,0.158999996,1.2,57.00000012,70,138.0000007,0.288
S.6.24,Ga West,Olebu,2006,Accra,5.63795,-0.3097,END,0,1,wetland,lentic,human,30,13.48044118,280.0079651,W,7,4.50322479,0.43438849,5.731637671,2.156237378,5.15485431,1.576735341,5.040684768,1.772355873,0,0,0,0,2.899626138,0,0,0,0.13442667,2.245497371,0,0,0,0.046532309,0.111951682,12.82051282,21.71664943,22.27684347,17.35344908,14.33602052,51.28205128,41.36504654,43.54463131,37.8959124,31.49255121,0,0.827300931,0.465717982,1.676197173,10.60438396,32.89999985,82.2,149,155.0000004,8.32586207,39.99999984,12.4189655,6.62646652,25.451341,28.7655172,0.235999998,9.699999984,0.853000027,0.153999996,0.009,2.29577465,57.7568966,7.17362069,0.071,0.176,41.00000014,122,404.0000008,0.162999996
S.6.25,Akuapim South,Alafia,2006,Accra,5.86653,-0.30907,END,1,0,fetch,lentic,nature,53,37.5683457,174.1736603,S,5,7.734410524,1.835647956,5.001118737,1.723461604,5.155176096,2.157008787,4.555329368,1.97534453,0,0,0,0,0,0,0,0,0.019650226,0.016288119,0,0,0.103385888,0.503666319,0.660315162,39.47368421,44.04145078,35.43551305,17.50835135,17.42259912,0,1.761658031,2.455414836,2.375608898,3.293302481,0,0,0,0.025855561,0.194940342,28.89999999,72.1,151,15.89999997,9.0025,59.99999987,5.445,5.64866609,24.75375,17.09375,4.630000004,0.900000007,2.519999996,0.367000011,0.001,2.50340136,-32.14625,7.0755,0.146999999,2.31,27.00000011,124,151.0000005,0.368000015
S.6.26,Ga West,Sarpeiman,2006,Accra,5.72143,-0.31503,END,1,0,pond,lentic,nature,51,22.68969792,234.0394898,SW,6,5.324172735,1.433584533,4.96675889,0.987964317,5.359371854,1.583756372,5.4536778,1.763089957,0,0,0,0,0,0,0,0.362412633,0.027921695,0.049901748,0,0,0.258866166,0.05274098,0.592874134,22.5,40.53774561,30.49443438,30.94240892,26.9565105,47.5,32.98862461,35.87885063,29.61147478,23.27826042,0,0,0.854258348,0.657711042,0.634502017,8.800000042,22,56.1,148.9999994,7.98656716,29.99999995,21.8731343,4.92995391,27.0536484,12.7626866,1.169999994,1.900000009,0.552999988,0.430999995,0.01,5.31325301,84.1910448,6.78134328,0.082999998,8.53,15.99999996,46,77.60000022,0.441000002
S.6.27,Ga West,Akotoshie,2006,Accra,5.75034,-0.34194,END,1,1,wetland,lentic,nature,45,26.39725358,220.8150787,SW,6,4.439683278,0.657084199,5.777865336,2.264625606,5.708750809,2.071805938,5.307986932,1.892341925,0,0,0,0,0,0,0,0,0.129268444,0.049385781,0,0,0,0.431239529,0.599352038,21.95121951,24.56140351,30.37516171,30.51355767,27.65965699,4.878048781,11.97110423,16.2225097,18.86491965,16.55819895,0,0,0,0.180975822,0.422235495,15.99999993,40.1,97.6,11.89999998,6.4825,39.99999984,5.125,5.37683969,25.58125,5.6475,3.430000008,1.400000006,3.000000004,0.323999988,0.005,3.32323232,-36.4025,6.63675,0.099000003,0.401,46.99999992,80,104.0000001,0.329000009
S.6.28,Ga West,Trebakope,2006,Accra,5.73627,-0.33066,END,1,1,fetch,lentic,human,46,24.60529574,280.7131348,W,7,4.608123303,0.60896271,5.583483447,1.669764362,5.845789942,2.143720933,5.391122659,1.827347223,0,0,0,0,0,0,0,0,0.121006526,0.049382078,0,0,0,0.329923776,0.546305393,47.36842105,39.87603306,25.05170631,32.13912648,27.49883655,21.05263158,33.98760331,33.81592554,24.39884578,20.67893893,0,0,0,0.328889532,0.416257304,0,0,31.7,5.000000005,14.0558824,349.9999984,6.79705882,4.30644699,24.8439542,320.922059,1.640000006,0,0.112999996,2.819999986,0.024999999,5.02650177,39.7220588,6.28102941,0.566,17.5,103.0000002,26,43.30000022,2.845000007
S.6.29,Ga East,Oyarifa,2006,Accra,5.74378,-0.17533,END,0,1,pond,lentic,human,79,19.95938214,143.6156464,SE,4,6.235211134,0.947525541,5.487206925,1.590200614,5.356927961,1.652770489,5.18427313,1.879809436,0,0,0,0,0,0,0,0,0.10962871,0.087128959,0,0,0,0.223394353,0.866118728,25.64102564,27.45098039,22.06414899,23.75323198,19.877037,10.25641026,39.1124871,48.78427315,34.24656118,29.51034559,5.128205128,3.199174407,0.853595448,1.913331265,2.596546384,3.999999988,10,1.2,26.79999998,5.49642857,59.99999987,31.7589286,5.01999611,27.2047619,37.8303571,0.503999994,2.899999988,0.188999993,0.001,0.006,0.07368421,90.8232143,6.58357143,0.094999999,7.2,19.00000002,1,86.40000036,0.007
S.6.3,Jasikan,"Tampa, Bompaso",2006,Volta,7.47529,0.35664,NON,0,0,stream,lotic,nature,161,176.7814067,258.323761,W,7,5.967745781,3.160469958,5.64179622,2.159457319,5.132632202,1.91825603,4.155656191,2.022446322,0,0,0,0.036195539,7.118589727,0,0,0,0,0,52.5,52.11995864,46.14389234,23.20030611,19.9523221,0,0,0,0,0.010600835,0,0,0.439958592,6.73650682,5.23370962,0,0,0,0.130303939,0.154617051,8.000000024,20,53.7,6.900000004,9.54941176,89.99999997,15.7788235,4.70048037,24.9008497,38.3576471,4.23,1.400000006,0.172999997,0.996000021,0.015999999,15.3333333,37.02,6.71905882,0.066000002,20.3,18.00000004,44,63.79999998,1.011999999
S.6.30,Ga East,Adigon,2006,Accra,5.79435,-0.08992,END,0,0,pond,lentic,human,56,19.69266114,124.1144714,SE,4,6.279981232,2.047153653,6.049731102,1.979855369,5.46764352,1.748611671,5.560112602,1.72880614,0,0,0,0,0,12.19512195,1.136363636,0.284605433,0.221302999,0.505211121,4.878048781,0.20661157,0.051746442,0.011375388,0.116348518,0,2.479338843,6.959896507,12.78903826,14.36050976,41.46341463,80.06198347,79.17205692,69.55429162,49.9166169,0,0.413223141,0.103492885,0.065149948,0.285183146,4.800000014,12,1.2,0.999999999,4.5375,89.99999997,94.653125,4.20445938,31.9618056,49.034375,0.379000001,1.900000009,0.154600007,1.060000002,0.008,8.03007519,135.310938,7.45078125,0.132999993,0.48,34.99999995,1,37.19999995,1.067999999
S.6.31,Atwima Mponuah,Barniekrom,2006,Ashanti,6.54168,-2.17884,END,0,1,stream,lotic,nature,211,177.6823274,249.8636932,W,7,5.235757351,0.428004225,5.608486036,1.560937124,5.354303683,1.805809547,4.674231107,1.668790352,0,0,0,0,0,0,0,0,0,0,0,0,0,15.8732457,28.30707257,0,0,0,0.001034222,0.033095289,0,0,0,0,0.188229454,0,0.930713547,0.594622544,0.117901356,0.299667496,3.20000002,8,26.8,2.999999996,2.98644068,34.99999995,72.7677966,4.00733319,24.0967985,10.9,1.229999999,4.399999981,0.007,0.89900004,0.02,8.43119266,102.625424,6.87762712,0.109,0.5,3.999999996,22,31.10000003,0.91899996
S.6.32,Atwima Mponuah,Aboabogya,2006,Ashanti,6.54619,-2.27267,END,1,0,stream,lotic,nature,183,176.134969,168.4653778,S,5,7.229232311,2.589929538,4.406330489,1.936530644,4.24629602,1.545150321,4.464501435,1.710562572,0,0,0,0,0.109628143,0,0,0,0,0,77.5,75.54179567,84.41222165,71.20903441,52.01674415,0,0.412796698,0.414293112,0.280256885,0.194693377,10,5.263157895,4.997410668,2.402349608,1.465759304,0,4.953560372,1.242879337,0.161328687,0.874956692,8.000000024,20,31.7,3.999999988,5.33980583,89.99999997,5.53980583,4.11611239,23.9647789,12.2048544,2.690000011,0.999999999,0.052999998,1.36,0.0005,9.13087248,-20.351456,6.31990291,0.148999996,0.5,6.000000005,26,33.20000014,1.360500001
S.6.33,Atwima Mponuah,Pamuruso,2006,Ashanti,6.52425,-2.24979,END,0,0,stream,lotic,nature,176,174.3968983,247.6198578,W,7,4.278229396,0.414078683,5.251191523,2.027228474,4.975134005,1.95117489,4.67373799,1.675248961,0,0,0,0,0.110404385,0,0,0,0,0,0,0,4.167745276,35.2083398,37.73011687,0,0,0.025886617,0.213045412,0.115058434,0,0,0.388299249,1.482010073,0.934171062,0,1.758014478,0.440072483,0.3019867,0.723187507,4.800000014,12,24.4,2.999999996,2.9617284,29.99999995,76.845679,3.78475064,23.4388203,14.5148148,0.776999991,2.899999988,0.0025,2.699999992,0.007,22.940678,103.640741,6.90765432,0.117999995,0.5,3.999999996,20,25.49999994,2.706999998
S.6.34,Atwima Mponuah,Jerusalem,2006,Ashanti,6.62637,-2.33293,END,1,1,stream,lotic,nature,181,183.2322869,161.5650482,S,5,4.905413151,0.668312921,5.004918119,1.617628864,4.82574448,1.818934982,4.409129924,1.707258584,0,0,0,0.002068509,0.006463673,0,0,0,0,0,100,89.04958678,88.98085877,87.19592917,84.85639012,0,0.516528926,0.129332644,0.547120635,0.637576692,0,7.024793388,7.139161925,6.138300513,4.88627814,0,0.103305785,0.336264873,0.338201225,0.46926265,19.19999991,48.1,29.3,7.900000029,7.6225,149.9999994,67.06,5.27811466,23.81875,81.33,3.630000006,6.799999971,0.035000001,1.299999994,0.0005,4.39358108,83.8475,7.5445,0.296000007,14.5,12,24,105,1.300500005
S.6.35,Atwima Mponuah,Bofaso,2006,Ashanti,6.59772,-2.19869,END,0,1,stream,lotic,nature,263,183.3758939,196.2887726,S,5,4.20463711,1.474113742,4.886652511,2.430504547,4.185858412,2.162181906,4.113374254,1.876168436,0,0,0,0,0,0,0,0,0,0,0,3.619441572,11.56832298,43.1372549,50.1828007,0,0,0,0,0.035939601,0,0,0,0,0.242010549,0,0,0,0.014478365,0.267349261,3.20000002,8,29.3,2.999999996,1.30645161,29.99999995,76.1741935,3.95681132,23.471147,9.82258065,0.736999998,3.900000024,0.0025,1.439999995,0.009,12.075,58.6774194,6.67096774,0.120000004,0.5,6.000000005,24,30.29999992,1.448999995
S.6.36,Atwima Mponuah,Akentensu,2006,Ashanti,6.66873,-2.09273,END,1,1,stream,lotic,nature,209,188.9769599,191.3099365,S,5,6.585410655,3.128784228,5.05673434,2.147441427,4.55844826,1.790682796,4.469143913,1.81863968,0,0,0,0,0,0,0,0,0,0,0,0,6.253229974,35.48634027,44.79790903,0,0,0,0.001034436,0.018355455,0,0,0,0,0.030247721,0,2.913631634,0.723514212,0.058962874,0.296014023,3.20000002,8,22,0.999999999,1.40980392,19.99999993,74.5078431,3.66356165,24.0685185,10.4313725,0.607000004,3.900000024,0.0025,0.846000016,0.004,7.94392523,57.7254902,6.75333333,0.107000005,0.5,3.999999996,18,21.99999993,0.850000025
S.6.37,Amansie West,Mpatuom,2006,Ashanti,6.5444,-1.9355,END,1,1,wetland,lentic,human,218,171.4091596,183.6012726,S,5,6.296080232,1.312395333,5.447510794,2.809435835,5.10206084,2.320906743,3.926066638,1.897592972,0,0,0,0.304061391,0.084283243,0,0,0,0,0,0,2.279792746,0.930232558,12.81608423,15.47941912,0,0.414507772,1.550387597,0.977340187,0.390908785,0,0,0,0,0,5.263157895,17.72020725,13.82428941,3.61977847,1.613015815,8.800000042,22,78.1,5.000000005,2.42272727,29.99999995,13.2424242,5.09440067,25.6854377,4.99545455,0.820999994,7.799999987,0.035000001,0.302999992,0.0005,3.29891304,44.9848485,6.86712121,0.092,0.5,3.000000004,64,89.70000008,0.30349999
S.6.38,Atwima Mponuah,Kobeng,2006,Ashanti,6.59742,-1.86081,END,1,1,stream,lotic,nature,282,175.6545769,16.92751312,N,1,4.283343673,0.708429573,4.312954458,1.371968028,4.515635382,1.664904858,4.414655489,1.8301994,0,0,0,0,0.001551185,0,0,0,0,0,0,0,0,5.84834633,5.652001934,0,0.829015544,0.413436693,0.141684076,0.374094173,0,0,0,0,0.009048581,86.84210526,13.57512953,7.105943153,0.707386187,1.246894398,22.39999994,56.1,151,38.70000009,125.713333,149.9999994,24.4483333,6.54575667,23.3966667,18.3016667,3.210000012,13.10000004,0.099000003,1.36,0.036000001,11.3495935,-188.05,6.89733333,0.123000003,0.5,19.99999993,124,187.9999995,1.395999994
S.6.39,Amansie East,Senfi,2006,Ashanti,6.50686,-1.63127,END,0,1,riverine wetland,lentic,nature,217,157.0302536,56.48199081,NE,2,5.93027854,1.39256089,4.191679028,1.258780951,4.2207611,1.370122222,4.617174854,1.743354861,0,0,0,0,0,0,0,0,0,0,0,0,0,0.009308194,0.438487631,8.108108108,5.675954592,4.627714581,4.153523152,2.881453214,0,0,0,0,0,0,6.295149639,2.326783868,2.424267497,2.998572847,1.600000013,4,26.8,21.80000009,5.14827586,14.99999998,8.88793103,4.9266288,23.7581418,75.937931,0.593999993,7.799999987,0.077999996,21.00000005,0.005,201.971154,150.965517,5.55603448,0.103999998,4.64,1.999999999,22,76.99999986,21.0049999
S.6.4,Jasikan,Worawora,2006,Volta,7.52131,0.37441,NON,0,0,fetch,lentic,human,202,180.3471037,96.81821442,E,3,4.04311496,1.077197541,4.256836442,1.643424411,4.007663328,1.451082033,4.054473426,2.203089931,0,0,0,0.228584431,3.103953754,0,0,0,0,0,0,0,4.907024793,27.97108045,25.46943229,0,0,0,0.040338429,0.104706086,0,0,0.309917355,4.969901326,6.747725551,2.702702703,1.664932362,0.826446281,0.046544341,0.053516444,0,0,14.6,3.999999988,1.85,19.99999993,40.0316667,3.88738872,25.6902778,4.05166667,0.958999993,0,0.055999999,13.59999996,0.009,136.09,237.681667,5.64083333,0.099999999,7.09,3.999999996,12,28.69999992,13.60900002
S.6.40,Amansie East,Ofoasi Kokobeng,2006,Ashanti,6.47629,-1.64132,END,1,1,riverine wetland,lentic,human,185,154.3535217,171.0273743,S,5,8.042136828,1.693907218,4.603278657,1.755250394,4.471745439,1.616268159,4.558048347,1.771680653,0,0,0,0,0,0,0,0,0,0,0,0.103305785,0.025839793,0.014480462,0.519928436,5.405405405,5.578512397,7.183462532,3.668728409,2.210536113,0,0,0,0,0,0,18.59504132,9.715762274,2.351006392,2.263278729,13.60000002,34.1,90.3,13.89999996,10.9545455,59.99999987,5.6038961,5.20407804,25.1810245,35.9987013,1.239999994,5.299999979,0.046999999,0.963999985,0.013,7.94308943,-55.441558,6.74181818,0.123000003,4.42,6.000000005,74,103.0000002,0.977000026
S.6.41,Adansi East,Asirifikrom,2006,Ashanti,6.16573,-1.40962,END,0,1,fetch,lentic,human,159,113.0793672,287.0490418,W,7,3.834568858,0.345667585,4.405269669,1.195365874,4.979570378,2.115273248,4.464602409,1.851779642,0,0,0,0,0,0,0,0,0,0,0,0.31152648,2.713178295,18.07312406,15.32117326,7.894736842,2.699896158,1.57622739,0.441640379,0.832503846,0,0,0,0,0,2.631578947,2.180685358,1.007751938,0.291668821,0.663934744,3.999999988,10,19.5,7.900000029,8.08305085,39.99999984,24.3491525,4.06161123,24.1167608,178.581356,0.838999997,1.900000009,0.015999999,2.009999996,0.011,18.2072072,162.40678,5.60440678,0.110999998,6.09,4.999999988,16,31.90000001,2.021000003
S.6.42,Bekwai,Nsuta,2006,Ashanti,6.1553,-1.2595,END,0,1,stream,lotic,nature,131,107.8400971,173.6598053,S,5,4.305599451,1.35564343,4.601348172,1.507955367,4.659609125,1.655652252,4.555830311,1.646470419,0,0,0,0,0,0,0,0,0,0,2.702702703,0.103626943,1.628327733,11.99540786,10.55766695,0,2.797927461,1.033858878,1.859608841,2.783939606,0,0,0,0,0,10.81081081,8.082901554,2.067717757,0.361992822,0.344114377,14.40000001,36.1,112,17.89999996,8.07288136,39.99999984,19.940678,5.42994016,24.480791,25.1338983,0.991000002,10.20000002,0.325999999,0.206999997,0.0005,1.53703704,-2.2033898,6.87847458,0.135,5.2,3.999999996,92,118.9999996,0.207500008
S.6.43,Amansie West,Groso,2006,Ashanti,6.12844,-2.01478,END,1,0,riverine wetland,lentic,nature,123,129.4839119,278.408905,W,7,4.279612899,0.74353167,4.789544961,1.831990743,4.755821085,1.869944586,4.496941954,1.73950969,0,0,0,0,0,0,0,0,0,0,5.263157895,1.035196687,0.568916473,11.17970673,19.36574834,0,0.207039338,0.103439359,0.020682096,0.017323629,0,0,0,0,0,0,1.6563147,0.413757435,0.57599636,0.445760236,6.399999998,16,17.1,8.900000028,6.43965517,100.0000004,11.0844828,4.47006119,24.4003831,37.1224138,3.409999995,3.900000024,0.048999999,1.170000001,0.006,4.68525896,157.448276,6.07896552,0.25100001,0.5,15.99999996,14,57.80000025,1.176000001
S.6.44,Amansie West,Manso Dominase,2006,Ashanti,6.46616,-1.90626,END,0,1,stream,lotic,nature,219,162.2838615,178.760025,S,5,7.043274403,3.805723428,4.715969898,2.088936845,4.013371192,1.868413836,3.904023574,1.870595078,0,0,0,0,0.076012989,0,0,0,0,0,0,0.103305785,0.025826446,14.23562993,4.992812377,0,0,0,0.022752187,0.406178253,0,0,0,0,0,0,2.376033058,0.69731405,0.301983577,1.659099841,10.40000005,26.1,100,5.000000005,1.65178571,14.99999998,79.3017857,4.87751198,25.1838294,7.05535714,1.089999998,7.799999987,0.062999997,1.690000002,0.009,14.9035088,42.4464286,7.09696429,0.114000003,4.87,1.999999999,82,76.99999986,1.698999995
S.6.45,Amansie Central,Kobro,2006,Ashanti,6.28616,-1.88503,END,0,1,stream,lotic,nature,154,142.3202993,259.8753357,W,7,7.745146036,1.654549596,4.794759422,1.952909874,4.472777435,1.803248634,4.607224,1.792358497,0,0,0,0,0,0,0,0,0,0,0,0,0.387897595,14.93815414,15.75593045,0,0,0,0.00620527,0.012410316,0,0,0,0,0,0,4.020618557,1.111973106,0.145823853,0.358089328,12.00000003,30.1,43.9,5.000000005,0.26734694,149.9999994,0.25306122,5.2869262,23.6289116,353.72449,7.379999992,1.400000006,0.059000002,0.729000034,0.0005,3.42488263,30.9795918,6.62387755,0.213000003,0.5,18.00000004,36,49.00000009,0.729500008
S.6.46,Amansie Central,Abuakwaa,2006,Ashanti,6.29638,-1.85421,END,1,1,stream,lotic,nature,175,142.7575281,293.1985779,NW,8,9.173763116,3.55105487,4.904314576,2.372397197,5.195782789,2.896072099,4.462342579,1.759984945,0,0,0,0,0,0,0,0,0,0,0,0.310237849,3.002070393,24.67604993,10.88162746,0,0,0,0,0.015771974,0,0,0,0,0,0,0,0,0.291632626,0.396626349,13.60000002,34.1,65.9,10.9,9.14722222,69.99999986,39.4513889,4.95131769,24.1695988,89.0041667,2.469999986,2.899999988,0.035000001,0.0005,0.0005,0.00813008,15,6.65958333,0.123000003,4.09,6.000000005,54,79.20000009,0.001
S.6.47,Amansie West,Manso Abodom,2006,Ashanti,6.41322,-1.81314,END,1,1,stream,lotic,nature,163,154.6895874,114.3045502,SE,4,7.897542477,3.738731242,5.186753701,1.970497982,4.710662434,1.643147435,4.504490878,1.661156373,0,0,0,0,0,0,0,0,0,0,0,0,0.103332472,0.259587143,3.436516739,0,0.414937759,0.309997417,0.227526579,0.174773196,0,0,0,0,0,0,0.10373444,0.749160424,0.859429943,0.650745759,12.00000003,30.1,80.5,19.90000002,9.19444444,119.9999997,79.2851852,5.28179269,24.716358,61.2759259,3.920000011,7.799999987,0.073000003,0.921000039,0.002,2.50135501,79.3518519,7.36666667,0.369000013,0.5,14.00000001,66,105.9999996,0.923000041
S.6.48,Upper Denkyira,Subin,2006,Ashanti,6.20108,-2.04328,END,1,1,pond,lentic,nature,138,138.1090619,132.9174347,SE,4,4.865129769,1.69558387,5.056458502,2.400200713,5.074600123,2.250759533,4.643164198,1.800176373,0,0,0,0,0,0,0,0,0,0,0,0,0.15503876,0.823241046,11.08528675,2.631578947,0.932642487,0.310077519,0.016547559,0.015770383,0,0,0,0,0,26.31578947,7.772020725,3.410852713,0.363012069,0.345397246,16.80000005,42.1,80.5,7.900000029,34.8590909,59.99999987,2.79848485,5.03705098,26.0631313,34.4363636,3.539999992,4.399999981,0.282000002,0.270999989,0.005,2.19047619,93.3484848,6.78621212,0.125999996,4.64,3.000000004,66,90.8000004,0.276000004
S.6.49,Upper Denkyira,Subin,2006,Ashanti,6.20679,-2.04439,END,1,1,stream,lotic,nature,131,138.7442771,132.9174347,SE,4,4.523100615,0.365435885,5.654980016,2.594755411,5.089789118,2.220783812,4.631699964,1.798031757,0,0,0,0,0,0,0,0,0,0,0,0,0,0.800446761,10.59587582,0,0.931677019,0.310237849,0.014478365,0.014736603,0,0,0,0,0,10.52631579,11.80124224,4.679420889,0.362993299,0.309210118,10.40000005,26.1,39,6.000000007,11.4113924,119.9999997,0.7835443,4.61286205,24.1831224,23.9936709,4.890000006,3.399999996,0.051999998,0.110999998,0.0005,0.35396825,-9.5696203,6.43898734,0.315000013,0.5,7.000000007,32,50.40000025,0.111499999
S.6.5,Kadjebi,Titiaka,2006,Volta,7.68075,0.5278,NON,0,0,stream,lotic,nature,166,189.3990148,250.2531586,W,7,6.165833831,1.912198485,4.735441651,1.509023206,4.603713428,1.413586351,4.396116374,1.640885581,0,0,0,0,0.000517109,0,0,0,0,0,66.66666667,97.31958763,91.49211275,89.56730372,77.85094864,0,0,0,0.002068338,0.000517109,0,0,0,0.64532142,1.811431201,0,0,0,0.067220981,0.033353501,14.40000001,36.1,97.6,8.900000028,9.10789474,45.00000001,20.0263158,5.21250145,24.5109649,34.4934211,3.969999982,3.900000024,0.408000002,1.220000002,0.013,2.53703704,88.8289474,7.215,0.485999978,13.2,36.9999999,80,108.0000003,1.232999995
S.6.50,Kwabre,Achiasi,2006,Ashanti,6.73669,-1.53734,END,1,1,fetch,lentic,human,284,177.5672882,171.8699036,S,5,4.24804908,0.604590733,5.233620682,1.85352591,4.633483026,1.316520548,4.742133883,1.62109294,0,0,0,0.002068317,0.027665736,0,0,0,0,0,17.5,13.75387797,28.00207039,23.46505062,27.33245424,0,0,0,0,0,0,11.16856257,12.47412008,10.89485713,9.813838039,0,0.206825233,0.077639752,0.916264207,0.812648671,3.20000002,8,19.5,6.900000004,14.1258065,9.99999997,34.8225806,4.19030621,23.3433094,92.8010753,0.205000003,2.899999988,0.0025,10.69999998,0.009,110.402062,167.634409,5.49655914,0.097,5.2,1.999999999,16,37.10000001,10.70900001
S.6.51,Ga West,Amasaman,2006,Accra,5.70842,-0.29866,END,1,1,wetland,lentic,human,53,20.99819033,155.7722473,SE,4,6.88535738,1.788616418,4.958633594,1.294576001,5.144426042,1.583814217,5.134540864,1.732860339,0,0,0,0,0,0,0,0,0.021716874,0.05197102,0,0,0,0.041365474,0.630633426,27.5,15.11387164,21.58385093,31.31159578,26.28570099,35,40.0621118,50,33.76146599,25.68325085,2.5,15.01035197,4.632505176,0.7238958,1.547236745,70.10000023,175,449,128.9999999,27.0936782,500.0000008,0.19770115,6.8868662,24.7256705,331.541379,7.249999981,24.19999989,2.519999996,0.356000017,0.0005,0.3529703,-184.51149,7.03948276,1.009999999,0.5,NA,368,564.9999994,0.356500014
S.6.6,Kadjebi,Asato,2006,Volta,7.53529,0.43798,NON,0,0,stream,lotic,nature,216,178.5445227,116.2742157,SE,4,6.641252995,2.684735501,5.158017781,1.722372078,5.002876977,1.924440825,4.22293204,1.913088681,0,0,0,0,0.000775649,0,0,0,0,0,41.02564103,28.40909091,25.02585315,33.20957266,48.75805705,0,0,0,0.003102635,0.010859083,0,0,1.163391934,6.519670707,4.902100198,0,2.582644628,0.749741469,0.170644934,0.067222893,4.800000014,12,39,2.000000004,4.00983607,38.00000001,79.3180328,4.36944785,24.7500911,48.8819672,3.510000002,3.399999996,0.083999998,0.441000002,0.007,2.35789474,24.1901639,7.10262295,0.190000001,37.5,23.99999999,32,45.50000018,0.448000021
S.6.7,Hohoe,Lolobi Hiyasem,2006,Volta,7.20189,0.54758,NON,0,0,pond,lentic,human,240,140.1240082,271.6846924,W,7,4.150309503,0.830875406,4.796110014,1.929445653,4.595210087,1.566215696,4.344303189,1.701920727,0,0,0,0,0,0,0,0,0,0,15.38461539,9.081527348,6.20475698,8.495630139,11.10160201,0,0,0,0,0.02120156,0,0,0,0.04550861,1.432915163,0,0,0,0.085845788,0.140654249,23.19999992,58.1,112,13.89999996,43.08,55.00000026,4.71857143,5.64514397,25.1014286,39.5185714,2.949999987,4.299999997,0.297999998,0.441000002,0.009,2.36842105,-31.275714,6.82742857,0.190000001,37.5,34.99999995,92,166.0000003,0.449999998
S.6.8,Hohoe,Likpe Agbozume,2006,Volta,7.19891,0.56009,NON,0,0,stream,lotic,nature,233,139.1881248,277.9269409,W,7,3.053681294,0.169795582,4.415534243,1.375352818,4.504051673,1.592871193,4.472717911,1.696319351,0,0,0,0,0.001292711,0,0,0,0,0,56.75675676,16.61474559,10.90157582,7.502870205,10.45829197,0,0,0,0,0.0416253,0,0,0,0.045509552,1.243071068,0,0.41536864,0.154998708,0.074470176,0.106519401,23.19999992,58.1,142,31.80000015,4.44545455,19.99999993,29.9363636,5.884183,24.240303,10.1127273,1.999999993,10.20000002,0.398999985,2.46,0.015999999,14.9156627,58.4290909,7.07690909,0.165999998,12.1,7.000000007,116,210.9999993,2.475999988
S.6.9,Kpandu,Anfoega Woademaxe,2006,Volta,6.89704,0.29705,NON,0,0,wetland,lentic,nature,128,122.9586846,102.6001587,E,3,4.487681945,1.034059928,5.449563213,2.284514402,5.22249235,1.885737109,4.890191391,1.873783385,0,0,0,0.362985791,7.264011418,0,0,0,0,0,7.5,13.34022751,12.9524302,9.931953091,8.82701238,0,0,0,0.012409771,0.019650632,15,26.88728025,26.55118925,14.06233841,11.30919753,0,0,0.155118925,0.08893669,0.072138506,18.40000008,46.1,107,55.60000027,17.6075758,69.99999986,4.95454545,5.98003585,25.3739057,69.380303,4.670000006,7.799999987,0.214999989,0.441000002,0.015999999,7.37096774,-150.26667,6.41151515,0.062,24.4,39.99999984,88,220.9999997,0.456999995
S.7.1,Ga East,Otinibi,2007,Accra,5.78889,-0.14359,NON,0,0,wetland,lentic,human,79,22.59484394,158.8387451,S,5,6.224695563,2.721599484,5.295874896,3.005296127,5.063017807,2.152250937,4.972096612,1.920597991,0,0,0,0,0,2.702702703,0.3125,0.155078832,0.019655511,0.110909171,2.702702703,0.416666667,0.206771776,0.10448456,1.02481108,0,4.479166667,9.976738175,17.2151244,15.74729255,70.27027027,70.10416667,57.66347894,36.66477008,36.59356313,0,0,0,0.102415559,0.693376215,12.79999997,32.1,83,21.80000009,36.3374074,4.999999988,27.9196296,5.30672636,26.5381481,13.482963,0.102000001,2.399999994,0.004,1.090000004,0.046999999,2.55505618,71.5466667,6.79622222,0.444999999,12.3,36.00000006,68,108.0000003,1.136999995
S.7.10,North Tongu,Tadeafenui,2007,Volta,6.13521,0.47895,NON,0,0,lake/reservoir,lentic,human,19,39.57182291,281.9761353,W,7,4.276137769,0.764574426,5.730769533,2.581960379,6.303012725,3.268114903,5.622966121,1.846552262,0,0,0,0.006205014,0.004136922,0,15.77319588,13.61636034,2.034210309,3.034173559,0,0.412371134,0.310639399,0.055845123,0.174009272,17.94871795,12.78350516,10.38053326,9.486431704,9.459847296,56.41025641,53.91752577,46.8806627,62.4369157,66.31692441,0,0,0,0.667038968,0.789117827,10.40000005,26.1,61,7.900000029,10.6140351,4.999999988,79.2688596,4.78331637,26.4164035,41.6714912,2.569999987,1.900000009,0.021000001,0.824999994,0.02,1.52252252,167.667544,7.34100877,0.554999981,16.8,32.99999995,50,66.60000016,0.844999959
S.7.11,North Tongu,Dofor Fortikpoe,2007,Volta,6.08409,0.29076,NON,0,0,river,lotic,nature,2,33.16499508,45,NE,2,4.031453311,0.410686356,6.648439969,3.316614915,6.652843023,3.237235572,6.312624902,2.596591444,0,0,0.07751938,0.319587949,0.155640011,40.54054054,32.43523316,23.72093023,9.90102082,5.07717366,5.405405405,2.279792746,2.428940569,0.922564564,0.382378035,0,3.834196891,6.279069767,3.477199624,5.708524005,27.02702703,36.89119171,36.27906977,55.58348072,57.8768841,0,0.207253886,0.284237726,0.744670949,2.139920887,6.399999998,16,43.9,2.000000004,1.46872247,2.499999995,74.8374449,4.25533148,28.1332159,4.57136564,0.049000002,2.899999988,0.031999999,1.570000001,0.0005,6.48966942,124.812335,6.98493392,0.241999989,5.53,13.00000003,36,38.40000002,1.5705
S.7.12,Kadjebi,Pampamwie,2007,Volta,7.80563,0.56673,NON,0,0,stream,lotic,nature,262,200.82675,266.1030273,W,7,5.222256502,1.404343153,4.819869891,2.043472456,4.528057108,1.854549976,4.125825339,1.867360131,0,0,0,0.085851116,0.027405619,0,0,0,0,0,37.83783784,52.58799172,52.77849574,58.77284622,48.23052779,0,0,0,0.221351069,0.120481305,59.45945946,45.44513458,39.93279917,8.153787275,5.249468693,0,0,0.051692944,0.01241221,0.022493291,14.40000001,36.1,95.2,6.000000007,2.71394231,4.999999988,92.5961538,5.04815955,23.5725962,19.9716346,0.850999995,6.300000013,0.036999999,3.170000007,0.017000001,9.80615385,19.2923077,7.16865385,0.324999999,1,46.00000016,78,84.19999989,3.187000015
S.7.13,Kadjebi,Wawaso,2007,Volta,7.6551,0.44071,NON,0,0,stream,lotic,nature,133,190.4536382,315,NW,8,5.257538974,2.823917253,5.165884497,2.359000737,4.708710412,2.070521008,3.59146315,1.843207019,0,0,0,0.091041703,0.208893485,0,0,0,0,0,94.44444444,89.69823101,90.42443064,70.04831418,64.29239917,0,0,0,0.00206913,0.035418821,0,0.416233091,0.232919255,5.513195874,5.353929679,0,0.104058273,0.129399586,0.005172824,0.035677353,11.19999998,28.1,73.2,3.999999988,5.54594595,7.499999996,98.1983784,4.92725369,24.0645405,71.54,2.639999997,5.799999985,0.022000001,2.839999994,0.039000001,4.23382353,109.415135,7.40140541,0.679999987,22.1,18.00000004,60,74.79999963,2.878999995
S.7.14,Krachi East,Okaniase,2007,Volta,7.73876,0.36691,NON,0,0,stream,lotic,nature,157,202.2665752,245.3948822,SW,6,7.60767746,2.67487307,4.921682897,2.043451527,4.520298189,1.717737735,4.125066109,1.897203777,0,0,0,0.011375741,0.581745599,0,0,0,0,0,100,41.98552223,25.40750323,26.04320713,26.91129285,0,0,0.258732212,0.025853956,0.030250771,0,6.514994829,5.122897801,8.825506479,8.129700828,0,0.620475698,0.155239327,0.008273266,0.039300147,20.00000005,50.1,127,3.999999988,3.94213483,4.999999988,95.3314607,5.08335654,24.4139888,73.3297753,1.890000004,8.700000044,0.021000001,1.810000009,0.052999998,6.18936877,126.148315,7.36910112,0.301000004,5.53,23.99999999,104,104.0000001,1.862999997
S.7.15,Jasikan,Bodada,2007,Volta,7.35552,0.48898,NON,0,0,stream,lotic,nature,236,158.2083161,297.1811218,NW,8,3.491271496,0.454788476,4.991880235,2.240358252,4.688543139,2.263612439,3.893130261,2.03098734,0,0,0,0,0,0,0,0,0,0,55,28.39378238,22.40620957,19.12079503,26.15180952,0,0,0,0,0,0,7.150259067,6.157826649,3.055811212,2.24634852,0,0,0.051746442,0.004136462,0.098251892,6.399999998,16,39,3.999999988,2.88669725,4.999999988,80.8256881,4.4753018,23.7072477,14.4527523,1.079999991,2.899999988,0.027999999,0.590999977,0.02,1.50864198,79.7963303,6.82266055,0.405000005,1,1,32,43.10000012,0.611000012
S.7.16,Kadjebi,Ata Kofi,2007,Volta,7.75737,0.50963,NON,0,0,stream,lotic,nature,199,198.0450016,215.4399109,SW,6,5.86093537,2.433870909,4.832684812,1.717149528,4.509002313,1.720314339,4.192354993,1.774313326,0,0,0,0.003102603,0.015771851,0,0,0,0,0,56.41025641,48.86363636,62.07698269,79.80515653,75.48563081,0,0,0,0,0.002844104,15.38461539,21.79752066,12.70989408,4.410867384,4.588057348,0,0,0,0.009307809,0.017323181,9.599999988,24,51.2,6.000000007,6.35336538,7.499999996,57.2543269,4.57560273,25.3299519,80.8586538,2.869999984,1.900000009,0.040000001,1.810000009,0.03,1.7037037,72.9519231,6.45096154,1.079999999,9.53,36.00000006,42,51.39999987,1.839999997
S.7.17,Kpandu,Gbefi,2007,Volta,7.00388,0.37607,NON,0,0,river,lentic,nature,112,131.591616,257.1957398,W,7,6.307905197,1.582519851,5.327202807,1.43490384,5.35273397,1.646983492,5.501594494,1.634218275,0,0,0,0.03516029,0.010600889,0,0,0,0,0,35,18.90495868,7.063389392,5.542916236,8.738752715,0,0,0,0.085832472,0.035163926,0,8.05785124,3.699870634,10.48810755,13.23663254,0,0,0,0.006204757,0.138070121,3.999999988,10,24.4,3.999999988,1.11511628,4.999999988,93.0139535,3.8286414,25.1666279,15.4476744,2.900000012,1.900000009,0.018,0.973999976,0.033000001,7.8671875,119.551163,6.73290698,0.128000002,1,12,20,24.39999994,1.006999996
S.7.18,Jasikan,Nkonya Asakyiri,2007,Volta,7.08944,0.32118,NON,0,0,fetch,lentic,nature,149,142.8055085,300.9637451,NW,8,6.687892973,2.583619534,4.283476515,1.464012677,4.226594311,2.021700278,5.692581989,4.086250419,0,0,0,12.6724441,16.38626674,0,0,0,0,0,69.23076923,21.7750258,21.66494312,23.66853503,19.22698045,0,0,0,0,0.021459838,0,6.604747162,7.652533609,8.001199611,7.404419692,0,2.270381837,0.646328852,0.149951395,0.145306372,1.600000013,4,17.1,2.000000004,2.80144928,4.999999988,52.426087,3.60436824,26.3929952,61.615942,1.169999994,1.900000009,0.011,1.429999994,0.051999998,22.4545455,223.101449,5.33400966,0.066000002,1,29.99999995,14,17.59999996,1.482000005
S.7.19,Kpandu,Anfoega Gblenkor,2007,Volta,6.8698,0.279,NON,0,0,fetch,lentic,nature,154,120.0185665,108.2170944,E,3,5.823916614,2.493831215,4.650656391,1.626212276,4.322949297,1.877697581,4.471315679,1.85468416,0,0,0,0,15.60944711,0,0,0,0,0,48.71794872,22.95760083,16.106515,14.29576081,8.340809494,0,0,0,0.004136804,0.011634371,0,2.378490176,6.928645295,13.06919839,10.52988094,0,0,0.103412616,0.096180696,0.071357473,3.999999988,10,26.8,7.900000029,4.08324873,7.499999996,5.92081218,4.1736451,24.9275888,73.7038071,2.290000015,1.499999995,0.027999999,1.020000003,0.027,2.7408377,185.825381,5.2293401,0.381999989,5.2,26.00000005,22,33.99999984,1.046999998
S.7.2,Ga East,Danfa,2007,Accra,5.78748,-0.16475,NON,0,0,pond,lentic,human,90,23.45933369,126.3843536,SE,4,8.888971329,7.129596223,6.476415019,3.036129725,5.738772469,2.231025099,4.704144158,1.976239968,0,0,0,0,0,0,0,0,0.006205591,0.07911372,15.78947368,0.621118012,0.155159038,0.244086589,1.201701204,2.631578947,9.523809524,23.45487458,20.75563416,17.29074292,5.263157895,13.76811594,18.17946729,23.75810605,29.42073762,0,0.621118012,0.362037755,0.159276842,0.757526791,15.19999996,38.1,105,11.89999998,47.9161654,4.999999988,134.800376,5.27821056,28.0108647,28.3146617,0.217000002,6.300000013,0.074999997,0.344999987,0.02,0.85081585,126.130075,8.70545113,0.428999983,15.1,41.00000014,86,78.70000036,0.365000009
S.7.20,Atwima Nwabiagya,Kyenkyentaa,2007,Ashanti,6.71566,-1.87409,END,1,1,river,lotic,nature,186,188.792026,180.4814606,S,5,6.747699499,1.606130237,5.277008611,1.910182328,4.899258204,2.004445184,4.56155786,1.708880861,0,0,0,0,0.000775645,0,0,0,0,0,0,0,9.57309185,29.35111938,26.15060436,0,0,0,0,0.046021589,0,0,0,0.417765369,2.512571909,0,0,0,0.002068145,0.396871566,17.59999999,44.1,100,9.900000008,8.69722222,9.99999997,74.6074074,5.22075615,25.1716204,16.3787037,2.200000008,6.300000013,0.070000003,2.360000002,0.022999999,6.61944444,102.275463,7.18143519,0.360000017,16.2,12,82,106.9999995,2.383000004
S.7.21,Atwima Nwabiagya,Abompe,2007,Ashanti,6.73738,-1.92522,END,0,0,river,lotic,nature,179,192.1327314,173.8533783,S,5,4.220550299,0.112505998,5.233002552,1.370174179,4.969870096,1.75784731,4.720853354,1.81756216,0,0,0,0,0.000775673,0,0,0,0,0,21.95121951,27.40434333,25.23267839,32.44009143,27.13277709,0,0,0,0,0.004912595,7.317073171,5.997931748,8.143743537,6.474366267,4.548028369,0,0,0,0.003102731,0.047316043,8.800000042,22,43.9,0.999999999,8.60311111,4.999999988,74.8173333,5.23110862,25.414,15.5186667,0.934999999,3.399999996,0.052999998,1.799999991,0.004,8.35185185,73.7164444,7.15462222,0.215999994,5.76,9.99999997,36,40.6999999,1.803999997
S.7.22,Atwima Mponuah,Baakoniaba,2007,Ashanti,6.63783,-2.08811,END,0,1,stream,lotic,nature,187,185.5545227,152.5924225,SE,4,4.488826752,0.231902568,4.708569729,1.771910665,4.392926024,1.564058267,4.542181215,1.688546831,0,0,0,0,0,0,0,0,0,0,2.702702703,0.41536864,0.67166107,8.86456965,29.76488412,0,0,0,0.017584327,0.018614848,0,0,0,0,0.001292698,0,0.5192108,0.12916559,0.253421186,0.297579036,9.599999988,24,41.5,7.900000029,9.63416149,9.99999997,69.1341615,4.20469262,24.020559,56.1453416,2.750000016,2.399999994,0.024000001,2.620000006,0.019,12.1055046,130.043478,6.39670807,0.218000004,6.1,39.99999984,34,42.79999989,2.639000007
S.7.23,Atwima Mponuah,Aniamoa,2007,Ashanti,6.54083,-2.0295,END,1,0,stream,lotic,nature,156,173.4692235,162.1496887,S,5,7.284533262,2.570201476,4.709187088,1.49261253,4.831456998,1.930554888,4.574098425,1.708476119,0,0,0,0.022751246,0.082730735,0,0,0,0,0,0,0.414078675,0.516929439,5.878094687,11.63762904,0,0.103519669,0.051692944,0.241990527,0.363239632,0,0,0,0,0,0,2.795031056,1.008012406,1.372313802,1.217175935,11.19999998,28.1,68.3,3.999999988,6.68899522,9.99999997,65.0090909,4.75354894,25.8913876,77.7732057,3.330000003,3.900000024,0.041000001,3.110000012,0.015999999,8.18324607,58.6913876,6.74875598,0.381999989,10,27.00000011,56,70.39999978,3.125999994
S.7.24,Atwima Nwabiagya,Adagya,2007,Ashanti,6.94899,-1.75102,END,0,1,river,lotic,nature,226,207.3566186,268.876709,W,7,4.950547576,0.985708319,5.657591268,1.954480405,4.889128177,1.768319783,4.549652095,1.60967226,0,0,0,0,0,0,0,0,0,0,35.8974359,30.85655315,31.65244376,39.99027831,43.13589625,0,0,0,0,0,17.94871795,31.57894737,25.13576416,13.68379684,11.77641666,0,0,0,0,0.005946641,11.19999998,28.1,63.4,9.900000008,11.8761421,9.99999997,69.8071066,4.86694857,24.0499492,51.8451777,3.219999984,3.399999996,0.033999998,1.590000006,0.022000001,3.16699411,124.720305,6.91588832,0.508999981,27.1,28,52,75.89999967,1.611999993
S.7.25,Atwima Nwabiagya,Ataase,2007,Ashanti,6.90613,-1.76859,END,0,1,river,lotic,nature,214,203.6444012,249.9627838,W,7,5.002996504,1.579719554,4.987509259,1.534838358,4.652267397,1.473426708,4.552008635,1.620969238,0,0,0,0,0.635509959,0,0,0,0,0,64.1025641,38.7628866,37.55819969,38.77857069,38.9116698,0,0,0,0,0,17.94871795,14.63917526,10.37247801,12.47698831,11.17494364,0,0,0,0,0.005170952,14.40000001,36.1,61,6.000000007,13.1143713,9.99999997,64.2263473,4.79232039,23.8078443,41.3371257,2.89,2.399999994,0.052999998,2.580000003,0.024999999,6.35365854,120.146707,6.73532934,0.410000008,16.3,18.00000004,50,72.09999969,2.605000012
S.7.26,Asante Akim North,Serebuoso,2007,Ashanti,6.94313,-1.02683,END,1,0,river,lotic,nature,115,175.9382616,80.75389099,E,3,4.636568308,0.420040548,5.387997879,1.522390773,5.363328176,1.692985704,5.367827854,1.777043128,0,0,0,0,0,0,0,0,0,0,18.42105263,16.373057,15.56359876,19.88768577,19.94694741,0,0,0,0,0,36.84210526,36.373057,21.53567735,16.68373098,17.05051372,0,0,0,0,0,9.599999988,24,29.3,7.900000029,11.9756522,9.99999997,68.3334783,4.75359019,24.1843913,138.386087,2.540000016,3.399999996,0.066999997,3.969999981,0.044000002,9.62589928,168.856522,6.37695652,0.416999982,12.3,63.99999978,24,63.79999998,4.013999998
S.7.27,Asante Akim North,Ananekrom,2007,Ashanti,6.91456,-1.01325,END,1,1,stream,lotic,nature,170,172.4403525,66.80140686,NE,2,8.134607315,4.26811162,5.63518316,2.326998483,5.311027066,1.952803436,5.255431777,1.739002834,0,0,0,0,0,0,0,0,0,0,86.84210526,61.07660456,50.56847545,18.46435479,16.22810193,0,0,0,0,0,5.263157895,14.28571429,23.59173127,28.02904157,21.02783925,0,0,0,0,0,12.00000003,30.1,12.2,67.50000032,5.07108434,9.99999997,75.1090361,5.63547783,24.9956024,89.0006024,2.930000011,4.399999981,0.039000001,0.973999976,0.067999998,2.78609626,141.606627,6.18987952,0.373999993,29.2,29.99999995,10,149.0000006,1.041999997
S.7.28,Asante Akim North,Agogo,2007,Ashanti,6.79781,-1.07714,END,1,1,riverine wetland,lentic,nature,378,164.0005651,330.3762512,NW,8,4.977291584,1.199859725,4.218659479,1.785043793,4.177903049,1.572224162,3.836715932,1.715334821,0,0,0,0,0,0,0,0,0,0,70.27027027,22.24532225,26.26001551,58.70403889,53.69961968,0,0,0,0,0,8.108108108,18.60706861,16.38666322,10.94792367,10.95704827,0,0,0,0,0,8.000000024,20,39,9.900000008,4.31,9.99999997,13.1414815,4.59287266,24.1747037,69.2222222,3.24,3.900000024,0.103999998,7.999999987,0.035000001,68.0932203,145.413704,5.8217037,0.117999995,3.6,12,32,54.59999985,8.035000007
S.7.29,Asante Akim North,Patrensa,2007,Ashanti,6.66068,-1.17576,END,0,1,riverine wetland,lentic,nature,243,156.7584838,163.5231171,S,5,6.330748479,2.432853384,4.691500192,1.786205417,4.418170693,1.760025606,4.373004143,1.622028317,0,0,0,0.01344364,0.003361232,0,0,0,0,0,19.51219512,16.13236815,52.04345577,67.92554292,71.11021478,0,0,0,0,0,4.878048781,8.376421924,7.527159855,2.901758015,3.242812782,0,0,0.051733057,0.017580145,0.009566582,9.599999988,24,46.4,6.000000007,12.1505556,9.99999997,4.41611111,4.57602741,24.2708889,60.99,6.140000007,3.399999996,0.059000002,0.963999985,0.052999998,3.24920128,100.813333,6.05516667,0.312999996,4.3,26.00000005,38,57.80000025,1.017000003
S.7.3,Ga East,Teiman,2007,Accra,5.7512,-0.18143,NON,0,1,fetch,lentic,human,71,20.99511536,160.0168915,S,5,4.802488963,0.660093649,5.348246803,1.285686334,5.638499475,1.765071262,5.02665509,1.934645253,0,0,0,0,0,0,0,0.129299198,0.10135799,0.082738435,0,0,0,0.352684435,0.954853256,19.51219512,24.61220269,35.40212051,25.41810171,20.33891732,2.43902439,21.19958635,25.49780191,29.19627251,27.16664814,0,0.517063082,1.370571503,0.514029808,2.38596963,28.09999988,70.1,151,45.69999978,22.796,7.499999996,21.9505455,6.11509711,25.0845818,66.5272727,0.177000001,5.799999985,0.033000001,0.569000026,0.151000006,1.01551481,97.2687273,7.17483636,0.708999966,28.5,93.99999979,124,219,0.719999976
S.7.4,Ga West,Afiaman,2007,Accra,5.70809,-0.28563,END,1,1,pond,lentic,human,44,20.3560681,276.3401794,W,7,7.294577281,1.563863256,5.064524933,1.45795901,5.252757043,1.760048701,4.870852794,1.7687897,0,0,0,0,0,0,0,0,0.019650632,0.032318866,0,0,0,0.423005719,0.665768633,5,32.74793388,35.02066116,34.06799119,26.24085053,42.5,39.66942149,38.5588843,31.02938287,24.94085648,2.5,3.512396694,1.033057851,0.745689789,2.073578422,92.19999984,231,347,644.9999976,8.82485876,1.249999998,38.3841808,7.86382176,26.920565,20.809322,0.022,84.90000009,0.036000001,2.140000002,0.011,9.77727273,80.7132768,7.50186441,0.220000007,68.6,23.99999999,284,1172,2.150999999
S.7.5,Ga West,Nsakina,2007,Accra,5.65478,-0.32026,END,1,0,pond,lentic,human,30,15.55448061,180,S,5,5.252336681,1.340431223,5.610229603,2.366461793,5.422825115,1.770437351,5.296844406,1.775157097,0,0,0,0,2.343901487,0,0,0,0.044471564,1.705830798,0,0,0,0.055848011,0.105483323,20.51282051,17.37331955,14.96124031,16.01286573,17.71292507,23.07692308,25.43950362,34.08268734,46.00221324,32.02814957,0,1.654601861,0.568475452,0.570890776,5.944812573,23.99999988,60.1,124,69.50000001,8.40967118,4.999999988,9.12823985,6.08576754,28.2724178,24.6858801,1.539999989,11.59999995,0.239000006,0.0005,0.027,0.06207675,92.4294004,6.64715667,0.443000004,15.5,45.00000001,102,217.9999994,0.027499999
S.7.6,Ga West,Ashaladja,2007,Accra,5.66613,-0.36466,END,1,0,river,lotic,nature,26,17.86003542,215.537674,SW,6,5.058784644,0.803925753,5.388426491,1.529931532,5.834919198,1.823271591,5.610096621,1.808386246,0,0,0,0,2.167966326,0,0,0,0.065152643,1.709810532,0,0,0,0.061015968,0.112987631,12.82051282,4.850361197,3.982415309,13.84545379,22.17246515,20.51282051,46.74922601,54.38324282,42.24269877,35.07968601,0,0.206398349,0.181018878,0.236824688,0.51607165,18.40000008,46.1,117,19.90000002,10.4208333,4.999999988,82.6893939,5.56145348,26.0956818,55.7477273,1.499999997,7.799999987,0.048999999,1.719999999,0.018,3.41453831,146.785606,7.3175,0.508999981,25.8,138.0000007,96,136.0000006,1.738000005
S.7.7,Ga West,Fise,2007,Accra,5.69016,-0.3018,END,1,0,pond,lentic,human,45,19.05087215,146.9761353,SE,4,7.988146663,2.296446372,5.962834394,2.326871256,5.389771271,1.912936613,5.175134863,1.749365341,0,0,0,0,0,0,0,0,0.041361625,0.051452565,10.81081081,0.413650465,0.103305785,0.028953137,0.478586425,0,17.58014478,20.04132231,24.36406502,24.23389974,51.35135135,51.80972079,54.8553719,38.68966373,29.34218283,0,0,0.180785124,0.826198453,2.706042962,28.09999988,70.1,173,41.69999999,11.0115556,1.249999998,52.1626667,6.06518991,28.0245333,9.97244444,0.032000001,7.700000038,0.064,0.122000004,0.009,1.0234375,108.938222,7.342,0.128000002,16.2,14.99999998,142,216.9999992,0.130999994
S.7.8,Ga West,Kwashikuma,2007,Accra,5.71583,-0.36531,END,1,0,wetland,lentic,human,32,23.26916286,152.1027222,SE,4,5.340751886,1.397344291,5.851826129,2.320118947,5.614497199,1.839136692,5.586355195,1.862996576,0,0,0,0,0,0,0,0,0.111716819,0.054808403,0,0,0,0.085856444,0.205014452,0,23.85416667,20.54794521,24.7307935,29.0148448,35.13513514,22.08333333,25.61385371,23.81016416,24.51073159,0,1.25,0.361850607,0.144818098,0.281280862,7.199999965,18,46.4,3.999999988,8.70647773,4.999999988,40.1809717,4.42642119,28.7733198,3.94291498,1.379999994,2.899999988,0.014000001,0.0005,0.007,0.08333333,129.006073,6.46728745,0.090000001,14.9,23.99999999,38,47.40000006,0.0075
S.7.9,Ga West,Adoteiman,2007,Accra,5.79539,-0.15261,NON,0,0,pond,lentic,human,86,23.65247344,179.2607422,S,5,6.826806386,4.752351668,5.757174492,2.46579458,5.32878516,1.976935663,4.743472223,1.969343077,0,0,0,0,0,0,0,0,0.00620572,0.099279448,0,0.20661157,0.051706308,0.25546879,1.22418799,24.32432432,34.81404959,26.00827301,18.23343849,15.98011309,18.91891892,8.780991736,23.0868666,27.65682371,32.53806359,0,0,0,0.116874386,0.481143368,22.39999994,56.1,95.2,81.40000025,7.36510638,1.249999998,100.282128,6.1003762,27.6968511,17.6412766,0.039000001,10.20000002,0.011,0.611999998,0.002,6.67391304,95.4034043,7.57680851,0.092,12.3,29,78,222.9999997,0.61399997
